ARKF,AAPL
ARKF,ADYEN
ARKF,AMZN
ARKF,BABA
ARKF,BEKE
ARKF,BILL
ARKF,DKNG
ARKF,DOCU
ARKF,DSY
ARKF,FB
ARKF,GWRE
ARKF,HDB
ARKF,ICE
ARKF,INTU
ARKF,JD
ARKF,KSPI
ARKF,LC
ARKF,LSPD
ARKF,MELI
ARKF,MKTX
ARKF,NVDA
ARKF,OPEN
ARKF,PDD
ARKF,PINS
ARKF,PYPL
ARKF,SCHW
ARKF,SE
ARKF,SHOP
ARKF,SI
ARKF,SNAP
ARKF,SPLK
ARKF,SQ
ARKF,TCEHY
ARKF,TCS LI
ARKF,TDOC
ARKF,TREE UW
ARKF,TWLO
ARKF,VRSK
ARKF,WDAY
ARKF,Z
ARKG,ABBV
ARKG,ACCD
ARKG,ADPT
ARKG,AQB
ARKG,BEAM
ARKG,BFLY
ARKG,BLI
ARKG,BMY
ARKG,CDNA
ARKG,CDXS
ARKG,CERS
ARKG,CGEN
ARKG,CLLS
ARKG,CMLF
ARKG,CRSP
ARKG,CSTL
ARKG,EDIT
ARKG,EVGN
ARKG,EXAS
ARKG,FATE
ARKG,GH
ARKG,INCY
ARKG,IONS
ARKG,IOVA
ARKG,MASS
ARKG,MCRB
ARKG,NSTG
ARKG,NTLA
ARKG,NVS
ARKG,NVTA
ARKG,ONEM
ARKG,ONVO
ARKG,PACB
ARKG,PHR
ARKG,PSNL
ARKG,PSTG
ARKG,PSTI
ARKG,REGN
ARKG,RHHBY
ARKG,RPTX
ARKG,SDGR
ARKG,SEER
ARKG,SGFY
ARKG,SRPT
ARKG,SURF
ARKG,SYRS
ARKG,TDOC
ARKG,TMO
ARKG,TWST
ARKG,TXG
ARKG,VCYT
ARKG,VEEV
ARKG,VRTX
ARKK,BEAM
ARKK,BEKE
ARKK,BIDU
ARKK,BLI
ARKK,CERS
ARKK,CGEN
ARKK,CRSP
ARKK,DKNG
ARKK,DOCU
ARKK,EDIT
ARKK,EXAS
ARKK,FATE
ARKK,HUYA
ARKK,ICE
ARKK,IOVA
ARKK,IRDM
ARKK,MCRB
ARKK,MTLS
ARKK,NSTG
ARKK,NTDOY
ARKK,NTLA
ARKK,NVS
ARKK,NVTA
ARKK,ONVO
ARKK,PACB
ARKK,PCAR
ARKK,PD
ARKK,PLTR
ARKK,PRLB
ARKK,PSTG
ARKK,PYPL
ARKK,REGN
ARKK,ROKU
ARKK,SE
ARKK,SHOP
ARKK,SNPS
ARKK,SPOT
ARKK,SQ
ARKK,SSYS
ARKK,SYRS
ARKK,TCEHY
ARKK,TDOC
ARKK,TER
ARKK,TREE
ARKK,TSLA
ARKK,TSM
ARKK,TWLO
ARKK,TWOU
ARKK,TWST
ARKK,TWTR
ARKK,TXG
ARKK,U
ARKK,VCYT
ARKK,Z
ARKK,ZM
ARKQ,ACIC
ARKQ,ACIC
ARKQ,ADSK
ARKQ,ADSK
ARKQ,ANSS
ARKQ,ANSS
ARKQ,AONE
ARKQ,AONE
ARKQ,AVAV
ARKQ,AVAV
ARKQ,BABA
ARKQ,BABA
ARKQ,BIDU
ARKQ,BIDU
ARKQ,BYDDY
ARKQ,BYDDY
ARKQ,CAT
ARKQ,CAT
ARKQ,DDD
ARKQ,DDD
ARKQ,DE
ARKQ,DE
ARKQ,ESLT
ARKQ,ESLT
ARKQ,EXPC
ARKQ,EXPC
ARKQ,GOOG
ARKQ,GOOG
ARKQ,IRDM
ARKQ,IRDM
ARKQ,ISRG
ARKQ,ISRG
ARKQ,JD
ARKQ,JD
ARKQ,KMTUY
ARKQ,KMTUY
ARKQ,KTOS
ARKQ,KTOS
ARKQ,LMT
ARKQ,LMT
ARKQ,MGA
ARKQ,MGA
ARKQ,MTLS
ARKQ,MTLS
ARKQ,NIU
ARKQ,NIU
ARKQ,NNDM
ARKQ,NNDM
ARKQ,NVDA
ARKQ,NVDA
ARKQ,NXPI
ARKQ,NXPI
ARKQ,ONVO
ARKQ,ONVO
ARKQ,PCAR
ARKQ,PCAR
ARKQ,PRLB
ARKQ,PRLB
ARKQ,RAVN
ARKQ,RAVN
ARKQ,SNPS
ARKQ,SNPS
ARKQ,SPCE
ARKQ,SPCE
ARKQ,SSYS
ARKQ,SSYS
ARKQ,TCEHY
ARKQ,TCEHY
ARKQ,TDY
ARKQ,TDY
ARKQ,TER
ARKQ,TER
ARKQ,TRMB
ARKQ,TRMB
ARKQ,TSLA
ARKQ,TSLA
ARKQ,TSM
ARKQ,TSM
ARKQ,TWOU
ARKQ,TWOU
ARKQ,U
ARKQ,U
ARKQ,VUZI
ARKQ,VUZI
ARKQ,WKHS
ARKQ,WKHS
ARKQ,XLNX
ARKQ,XLNX
ARKQ,XONE
ARKQ,XONE
ARKW,ADBE
ARKW,ADYEY
ARKW,API
ARKW,BEKE
ARKW,BIDU
ARKW,CRWD
ARKW,DKNG
ARKW,DOCU
ARKW,FB
ARKW,FSLY
ARKW,GBTC
ARKW,HUBS
ARKW,HUYA
ARKW,ICE
ARKW,JD
ARKW,LC
ARKW,MELI
ARKW,NET
ARKW,NFLX
ARKW,NNDM
ARKW,NTDOY
ARKW,NVDA
ARKW,OPEN
ARKW,PD
ARKW,PDD
ARKW,PINS
ARKW,PLTR
ARKW,PSTG
ARKW,PTON
ARKW,PYPL
ARKW,RBLX
ARKW,ROKU
ARKW,SE
ARKW,SHOP
ARKW,SI
ARKW,SKLZ
ARKW,SNAP
ARKW,SNPS
ARKW,SPOT
ARKW,SQ
ARKW,TCEHY
ARKW,TDOC
ARKW,TEAM
ARKW,TREE
ARKW,TSLA
ARKW,TTD
ARKW,TWLO
ARKW,TWOU
ARKW,TWTR
ARKW,U
ARKW,VCYT
ARKW,Z
ARKW,ZM