Electronic Manufacturing,BHE
Electronic Manufacturing,CETX
Electronic Manufacturing,CTS
Electronic Manufacturing,DAIO
Electronic Manufacturing,FLEX
Electronic Manufacturing,FN
Electronic Manufacturing,IPGP
Electronic Manufacturing,JBL
Electronic Manufacturing,KE
Electronic Manufacturing,MEI
Electronic Manufacturing,NEON
Electronic Manufacturing,NLST
Electronic Manufacturing,PLXS
Electronic Manufacturing,RFIL
Electronic Manufacturing,SANM
Electronic Manufacturing,SMTX
Electronic Manufacturing,TEL
Electronic Manufacturing,TTMI